0x1c04e940:	0xfcfcfdfe	0xfcfcfcfc	0xfcfcfefc	0xfcfcfcfc
0x1c04e950:	0xfcfefcfc	0xfefcfefc	0xfcfcfcfc	0xfefefefc
0x1c04e960:	0xfdfefcfe	0xfcfcfcfc	0xfcfcfcfc	0xfcfcfcfd
0x1c04e970:	0xfcfcfefc	0xfcfcfcfc	0xfefefcfc	0xfcfefcfc
0x1c04e980:	0xfcfcfefd	0xfcfcfcfc	0xfefcfefc	0xfdfcfefc
0x1c04e990:	0xfcfcfefc	0xfcfdfcfe	0xfcfcfdfc	0xfcfcfcfc
0x1c04e9a0:	0xfdfefcfc	0xfdfefcfd	0xfdfcfdfc	0xfcfcfcfc
0x1c04e9b0:	0xfcfdfefc	0xfcfefcfe	0xfcfcfcfe	0xfefdfcfd
0x1c04e9c0:	0xfcfcfefc	0xfcfcfcfd	0xfcfcfcfc	0xfcfcfcfc
0x1c04e9d0:	0xfefefcfe	0xfefcfcfc	0xfcfefefc	0xfcfcfcfc
0x1c04e9e0:	0xfcfdfcfe	0xfefcfefc	0xfcfdfdfc	0xfefcfcfc
0x1c04e9f0:	0xfcfcfcfc	0xfcfdfcfc	0xfcfcfcfc	0xfcfcfcfc
0x1c04ea00:	0xfefcfcfc	0xfdfdfdfc	0xfdfcfcfe	0xfcfcfcfe
0x1c04ea10:	0xfcfdfefc	0xfcfcfcfd	0xfefcfefc	0xfcfefcfd
0x1c04ea20:	0xfcfcfcfc	0xfdfcfdfc	0xfcfcfcfc	0xfcfcfcfe
0x1c04ea30:	0xfcfcfcfc	0xfcfdfcfc	0xfefcfcfc	0xfcfcfcfc
0x1c04ea40:	0xfdfdfcfc	0xfdfdfefc	0xfdfefdfd	0xfefcfdfd
0x1c04ea50:	0xfdfdfcfc	0xfcfdfcfd	0xfefcfcfc	0xfdfefcfc
0x1c04ea60:	0xfdfcfcfd	0xfcfdfcfd	0xfcfcfcfd	0xfcfcfcfc
0x1c04ea70:	0xfefdfdfc	0xfcfdfdfd	0xfefcfcfc	0xfcfcfcfc
0x1c04ea80:	0xfefcfcfc	0xfdfcfdfc	0xfefefcfc	0xfcfdfcfd
0x1c04ea90:	0xfcfdfcfc	0xfcfcfcfc	0xfcfcfcfc	0xfcfefcfc
0x1c04eaa0:	0xfcfcfcfc	0xfdfefdfc	0xfdfefdfc	0xfefdfcfc
0x1c04eab0:	0xfcfcfefd	0xfdfcfcfd	0xfcfcfefc	0xfcfcfcfc
0x1c04eac0:	0xfdfcfcfc	0xfdfcfdfd	0xfcfcfefd	0xfdfcfdfd
0x1c04ead0:	0xfdfcfcfc	0xfdfcfdfc	0xfcfcfcfd	0xfefcfcfc
0x1c04eae0:	0xfcfcfcfc	0xfcfcfdfd	0xfdfdfdfd	0xfcfcfefc
0x1c04eaf0:	0xfdfcfdfc	0xfdfcfcfc	0xfcfdfcfc	0xfdfcfcfc
0x1c04eb00:	0xfcfdfcfd	0xfcfcfdfc	0xfcfcfdfd	0xfdfdfcfd
0x1c04eb10:	0xfdfdfcfd	0xfcfcfcfc	0xfcfcfcfc	0xfdfcfdfd
0x1c04eb20:	0xfcfdfcfc	0xfefdfdfc	0xfcfdfcfc	0xfcfcfdfc
0x1c04eb30:	0xfcfefcfd	0xfcfdfcfc	0xfcfcfdfc	0xfdfcfcfc
