0x1c04e940:	0xfefeffff	0xfefeffff	0xfeffffff	0xfefffffe
0x1c04e950:	0xffffffff	0xfffefffe	0xfefefffe	0xfffffffe
0x1c04e960:	0xfffffeff	0xfffffffe	0xfefffefe	0xfefffeff
0x1c04e970:	0xfffffffe	0xfffefeff	0xfffffeff	0xfefffeff
0x1c04e980:	0xfefeffff	0xfefefeff	0xfffefffe	0xfffefffe
0x1c04e990:	0xffffffff	0xfefffeff	0xfefefffe	0xfefefeff
0x1c04e9a0:	0xfffffefe	0xfffffeff	0xfffeffff	0xfffefffe
0x1c04e9b0:	0xfffffffe	0xffffffff	0xfefefeff	0xffffffff
0x1c04e9c0:	0xfefffffe	0xfefffeff	0xfefefefe	0xfffefeff
0x1c04e9d0:	0xfffffeff	0xfffefefe	0xfefffffe	0xfffefefe
0x1c04e9e0:	0xfffffeff	0xfffffffe	0xffffffff	0xfffefefe
0x1c04e9f0:	0xfefefefe	0xfefffefe	0xfefffeff	0xfefefefe
0x1c04ea00:	0xfffffffe	0xffffffff	0xfeffffff	0xfefefeff
0x1c04ea10:	0xfeffffff	0xfefefeff	0xfffffffe	0xffffffff
0x1c04ea20:	0xfefeffff	0xfffefffe	0xfefeffff	0xfefeffff
0x1c04ea30:	0xfefefeff	0xfffffeff	0xfffefefe	0xfffefefe
0x1c04ea40:	0xfefffefe	0xfffffffe	0xffffffff	0xffffffff
0x1c04ea50:	0xfefffeff	0xfefefeff	0xfffefffe	0xfffffffe
0x1c04ea60:	0xfffeffff	0xfffffeff	0xfefffeff	0xfefefefe
0x1c04ea70:	0xfffffffe	0xfeffffff	0xfffeffff	0xfefefeff
0x1c04ea80:	0xfffefeff	0xfffefffe	0xfffffefe	0xfefffeff
0x1c04ea90:	0xfefffeff	0xfefefefe	0xfffefffe	0xfffffefe
0x1c04eaa0:	0xfefefefe	0xffffffff	0xffffffff	0xfffffefe
0x1c04eab0:	0xfeffffff	0xfefffeff	0xfefefffe	0xfefefeff
0x1c04eac0:	0xfffeffff	0xffffffff	0xfffeffff	0xfefeffff
0x1c04ead0:	0xfffffefe	0xfffefffe	0xfefefeff	0xfffffefe
0x1c04eae0:	0xfefefeff	0xfefeffff	0xfefffeff	0xfefefffe
0x1c04eaf0:	0xfefefffe	0xfffffefe	0xfefffeff	0xfffefeff
0x1c04eb00:	0xfefffeff	0xfefefefe	0xffffffff	0xfffffeff
0x1c04eb10:	0xfefffeff	0xfefefeff	0xfefefefe	0xfffeffff
0x1c04eb20:	0xfefefefe	0xfffefffe	0xfefffefe	0xfefefffe
0x1c04eb30:	0xfefffefe	0xfefffefe	0xfefffefe	0xfefefeff
