0x1c04e940:	0xfcfcfefe	0xfcfcfcfc	0xfcfdfefc	0xfcfcfcfd
0x1c04e950:	0xfcfefcfe	0xfefcfefc	0xfcfcfcfc	0xfefefefc
0x1c04e960:	0xfdfefcfe	0xfcfcfcfc	0xfcfcfcfc	0xfcfefcfe
0x1c04e970:	0xfcfcfefc	0xfdfcfcfc	0xfefefcfc	0xfcfefcfd
0x1c04e980:	0xfcfcfefd	0xfcfcfcfc	0xfefcfefc	0xfefcfefc
0x1c04e990:	0xfcfcfefd	0xfcfefcfe	0xfcfcfefc	0xfcfcfcfc
0x1c04e9a0:	0xfefefcfc	0xfdfefcfe	0xfefcfdfe	0xfefdfcfd
0x1c04e9b0:	0xfcfefefc	0xfdfefcfe	0xfcfcfdfe	0xfefefcfe
0x1c04e9c0:	0xfcfdfefc	0xfcfcfcfe	0xfcfcfcfc	0xfcfcfcfc
0x1c04e9d0:	0xfefefcfe	0xfefcfcfd	0xfcfefefc	0xfdfcfcfc
0x1c04e9e0:	0xfdfdfcfe	0xfefdfefc	0xfdfdfefc	0xfefcfcfc
0x1c04e9f0:	0xfdfcfcfc	0xfcfdfcfc	0xfcfdfcfc	0xfcfcfcfc
0x1c04ea00:	0xfefdfcfd	0xfdfefdfd	0xfdfcfcfe	0xfcfcfcfe
0x1c04ea10:	0xfcfdfefe	0xfcfdfcfd	0xfefcfefc	0xfcfefdfe
0x1c04ea20:	0xfcfcfdfc	0xfdfcfdfc	0xfdfcfefc	0xfcfcfcfe
0x1c04ea30:	0xfdfcfcfd	0xfdfefcfc	0xfefcfdfc	0xfdfcfcfc
0x1c04ea40:	0xfdfefcfc	0xfdfefefc	0xfdfefdfd	0xfefdfefd
0x1c04ea50:	0xfdfefcfc	0xfcfdfcfd	0xfefcfdfc	0xfdfefcfc
0x1c04ea60:	0xfdfcfcfd	0xfdfefdfd	0xfcfefcfd	0xfcfcfcfc
0x1c04ea70:	0xfefefdfc	0xfcfdfdfe	0xfefcfdfc	0xfcfdfdfe
0x1c04ea80:	0xfefdfdfd	0xfefcfdfc	0xfefefcfd	0xfcfdfcfd
0x1c04ea90:	0xfcfdfcfd	0xfcfdfcfc	0xfdfcfcfc	0xfefefcfd
0x1c04eaa0:	0xfdfcfcfc	0xfefefdfe	0xfefefefc	0xfefdfdfd
0x1c04eab0:	0xfcfdfefd	0xfdfefcfd	0xfdfcfefd	0xfcfcfcfd
0x1c04eac0:	0xfefcfdfe	0xfdfdfdfd	0xfdfcfefe	0xfdfcfefd
0x1c04ead0:	0xfefcfdfc	0xfdfcfdfd	0xfcfdfcfd	0xfefdfcfc
0x1c04eae0:	0xfcfcfcfd	0xfdfcfdfe	0xfdfefdfd	0xfdfcfefc
0x1c04eaf0:	0xfdfcfefc	0xfdfcfcfc	0xfdfdfdfc	0xfdfcfcfd
0x1c04eb00:	0xfcfdfdfd	0xfdfdfdfd	0xfdfdfdfd	0xfdfdfdfd
0x1c04eb10:	0xfdfdfcfd	0xfcfcfcfc	0xfcfcfdfc	0xfdfcfdfd
0x1c04eb20:	0xfcfdfdfc	0xfefdfdfc	0xfcfdfcfc	0xfdfdfdfc
0x1c04eb30:	0xfdfefcfd	0xfcfdfcfc	0xfcfcfdfc	0xfdfdfcfd
